{
    "providers": [
        {
            "type": "bitmap",
            "file": "rpg:font/bars/hp.png",
            "ascent": -20,
            "height": 5,
            "chars": [
                "\uA000",
                "\uA001",
                "\uA002",
                "\uA003",
                "\uA004",
                "\uA005",
                "\uA006",
                "\uA007",
                "\uA008",
                "\uA009",

                "\uA010",
                "\uA011",
                "\uA012",
                "\uA013",
                "\uA014",
                "\uA015",
                "\uA016",
                "\uA017",
                "\uA018",
                "\uA019",
                
                "\uA020",
                "\uA021",
                "\uA022",
                "\uA023",
                "\uA024",
                "\uA025",
                "\uA026",
                "\uA027",
                "\uA028",
                "\uA029",
            
                "\uA030",
                "\uA031",
                "\uA032",
                "\uA033",
                "\uA034",
                "\uA035",
                "\uA036",
                "\uA037",
                "\uA038",
                "\uA039",
            
                "\uA040",
                "\uA041",
                "\uA042",
                "\uA043",
                "\uA044",
                "\uA045",
                "\uA046",
                "\uA047",
                "\uA048",
                "\uA049",
                
                "\uA050",
                "\uA051",
                "\uA052",
                "\uA053",
                "\uA054",
                "\uA055",
                "\uA056",
                "\uA057",
                "\uA058",
                "\uA059",
                
                "\uA060",
                "\uA061",
                "\uA062",
                "\uA063",
                "\uA064",
                "\uA065",
                "\uA066",
                "\uA067",
                "\uA068",
                "\uA069",
                
                "\uA070",
                "\uA071",
                "\uA072",
                "\uA073",
                "\uA074",
                "\uA075",
                "\uA076",
                "\uA077",
                "\uA078",
                "\uA079",
            
                "\uA080",
                "\uA081",
                "\uA082",
                "\uA083",
                "\uA084",
                "\uA085",
                "\uA086",
                "\uA087",
                "\uA088",
                "\uA089",
                
                "\uA090",
                "\uA091",
                "\uA092",
                "\uA093",
                "\uA094",
                "\uA095",
                "\uA096",
                "\uA097",
                "\uA098",
                "\uA099",
                
                "\uA100",
                "\uA101"
            ]
        },
        {
            "type": "bitmap",
            "file": "rpg:font/bars/mp.png",
            "ascent": -50,
            "height": 5,
            "chars": [
                "\uE000",
                "\uE001",
                "\uE002",
                "\uE003",
                "\uE004",
                "\uE005",
                "\uE006",
                "\uE007",
                "\uE008",
                "\uE009",

                "\uE010",
                "\uE011",
                "\uE012",
                "\uE013",
                "\uE014",
                "\uE015",
                "\uE016",
                "\uE017",
                "\uE018",
                "\uE019",
                
                "\uE020",
                "\uE021",
                "\uE022",
                "\uE023",
                "\uE024",
                "\uE025",
                "\uE026",
                "\uE027",
                "\uE028",
                "\uE029",
            
                "\uE030",
                "\uE031",
                "\uE032",
                "\uE033",
                "\uE034",
                "\uE035",
                "\uE036",
                "\uE037",
                "\uE038",
                "\uE039",
            
                "\uE040",
                "\uE041",
                "\uE042",
                "\uE043",
                "\uE044",
                "\uE045",
                "\uE046",
                "\uE047",
                "\uE048",
                "\uE049",
                
                "\uE050",
                "\uE051",
                "\uE052",
                "\uE053",
                "\uE054",
                "\uE055",
                "\uE056",
                "\uE057",
                "\uE058",
                "\uE059",
                
                "\uE060",
                "\uE061",
                "\uE062",
                "\uE063",
                "\uE064",
                "\uE065",
                "\uE066",
                "\uE067",
                "\uE068",
                "\uE069",
                
                "\uE070",
                "\uE071",
                "\uE072",
                "\uE073",
                "\uE074",
                "\uE075",
                "\uE076",
                "\uE077",
                "\uE078",
                "\uE079",
            
                "\uE080",
                "\uE081",
                "\uE082",
                "\uE083",
                "\uE084",
                "\uE085",
                "\uE086",
                "\uE087",
                "\uE088",
                "\uE089",
                
                "\uE090",
                "\uE091",
                "\uE092",
                "\uE093",
                "\uE094",
                "\uE095",
                "\uE096",
                "\uE097",
                "\uE098",
                "\uE099",
                
                "\uE100",
                "\uE101"
            ]
        }
    ]
}
